 Quarter , Client , New Client , Campaign , Channel , Client + Campaign + Channel , Campaign Budget , KPI Goal , KPI Type , KPI Target Value , CPM ,Impressions, Planned Campaign Reach , Maximum Reach to Maintain Performance , % of Maximum Campaign Reach Expected to Be Utilized , Signal Utilization (to total signals available) , Frequency , Last Updated , Note ,Enterprise?, Acct_ID ,COMMENTS, CLIENT_CODE , SUBACCOUNT , CAMPAIGN_TYPE , REMARKS 
Q2 2026,ADS Sephora CBCC (Li Exclusive),Bread,Sephora CBCC,LiveIntent,Bread Sephora CBCC LiveIntent," $2,14,875 ",CPIA $142,CPIx,$142, $7.50 ,53718750," 1,79,06,250 "," 1,79,06,250 ",,100%, 3 ,20-05-2026,,Enterprise,11796,,BREADFINANCIAL,SEPHORA_CBCC,LI,
Q2 2026,ADS Sephora PLCC (Li Exclusive),Bread,Sephora PLCC,LiveIntent,Bread Sephora PLCC LiveIntent," $71,625 ",CPIA $47,CPIx,$47, $7.50 ,17906250," 59,68,750 "," 59,68,750 ",,100%, 3 ,20-05-2026,,Enterprise,11796,,BREADFINANCIAL,SEPHORA_PLCC,LI,
Q2 2026,America's Tire,America's Tire,,Email,America's Tire Email," $75,000 ",CPIU $15,CPIU,$15 , $10.00 ," 75,00,000 "," 28,37,528 "," 1,00,00,000 ",,70%, 3 ,20-05-2026,,,,,AMERICAS_TIRE,CORE,EMAIL,
Q2 2026 ,Ashley Furniture Red,Ashley Furniture,Red,Email,Ashley Furniture Red Email," $7,00,000 ",IROAS $10,iROAS,$10, $10.00 ,70000000,"2,69,10,383","5,38,20,766", ,50%, 3 ,20-05-2026,,,10139,,ASHLEY_FURNITURE,RED,EMAIL,
Q2 2026 ,Ashley Furniture Yellow,Ashley Furniture,Yellow,Email,Ashley Furniture Yellow Email," $10,06,625 ",IROAS $10,iROAS,$10, $10.00 ,100662500,"3,84,82,838","6,99,68,796", ,55%, 3 ,20-05-2026,,Enterprise,10139,,ASHLEY_FURNITURE,CORE,EMAIL,
Q2 2026,AT&T +Wireless,AT&T,PlusWireless,Email,AT&T PlusWireless Email," $4,68,000 ",CPIS $500,CPIS,$500, $10.00 ,46800000," 31,49,394 "," 31,49,394 ",,100%, 15 ,03-06-2026,,Enterprise,8437,,ATT,NA,,2: MANUAL ACCOUNTS
Q2 2026,AT&T Dot Com Browse,AT&T,Dot Com Browse,Email,AT&T Dot Com Browse Email," $1,27,286 ",CPIS $500,CPIS,$500, $10.00 ,12728557," 42,42,852 "," 42,42,852 ",,100%, 3 ,03-06-2026,,Enterprise,11371,,ATT,NA,,2: MANUAL ACCOUNTS
Q2 2026,AT&T Signature,AT&T,Signiture,Email,AT&T Signiture Email," $11,50,000 ",CPIS $500,CPIS,$500, $10.00 ,115000000," 3,83,33,333 "," 3,83,33,333 ",,100%, 3 ,03-06-2026,,Enterprise,8437,,ATT,NA,,2: MANUAL ACCOUNTS
Q2 2026,AT&T Union,AT&T,Union,Email,AT&T Union Email," $1,45,000 ",CPIS $500,CPIS,$500, $10.00 ,145000000," 5,57,69,231 "," 5,57,69,231 ",,100%, 3 ,03-06-2026,,Enterprise,8437,,ATT,NA,,2: MANUAL ACCOUNTS
Q2 2026,AT&T Winback,AT&T,Winback,Email,AT&T Winback Email," $90,918 ",CPIS $500,CPIS,$500, $10.00 ,9091829," 9,09,183 "," 9,09,183 ",,100%, 10.00 ,20-05-2026,,Enterprise,8437,Match and mail campaign,ATT,NA,,2: MANUAL ACCOUNTS
Q2 2026,AT&T Winback,AT&T,Wireless,Email,AT&T Wireless Email," $16,00,161 ",CPIS $500,CPIS,$500, $10.00 ,160016117," 2,66,69,353 "," 6,11,47,924 ",,45%, 6 ,03-06-2026,,Enterprise,8437,,ATT,WIRELESS_DAILY,EMAIL,
Q2 2026,Back Country,Back Country,Competitive Cyclist,Email,Back Country Competitive Cyclist Email," $1,25,000 ",iROAS -  $6.00 ,iROAS,$6, $7.00 ,17857143," 70,87,134 "," 2,50,00,000 ",,40%, 3 ,20-05-2026,,Enterprise,11590,,BACK_COUNTRY,CORE,EMAIL,
Q2 2026,Discount Tire,Discount Tire,BFGoodrich,Email+LI,Discount Tire BFGoodrich Email+LI," $99,000 ",iROAS $5,iROAS,$7, $10.00 ," 99,00,000 "," 26,00,000 "," 86,66,667 ",,30%, 4 ,20-05-2026,,,10025,,DISCOUNT_TIRE,NA,,2: MANUAL ACCOUNTS
Q2 2026,Boost Mobile Prepaid Live intent,Boost Mobile,Prepaid,LiveIntent,Boost Mobile Prepaid LiveIntent," $12,00,000 ",CPIC<$100,CPIx,$80, $4.00 ,300000000,,,,, 24 ,20-05-2026,,Enterprise,5970,Overall signals is given in unified campaign,BOOST_MOBILE,PREPAID,EMAIL,
Q2 2026,Boost Mobile Unified,Boost Mobile,Unified,Email + LI,Boost Mobile Unified Email + LI," $40,00,000 ",CPIC $80,CPIx,$80, $9.00 ," 44,44,44,444 "," 14,81,48,148 "," 14,81,48,148 ",,100%, 3 ,20-05-2026,,Enterprise,5970,,BOOST_MOBILE,POSTPAID,EMAIL,
Q2 2026,Brandsmart,Brandsmart,,Email+LI,Brandsmart Email+LI," $1,00,000 ",IROAS $8,iROAS,$8, $10.00 ," 1,00,00,000 "," 7,01,081 "," 13,74,668 ",,51%, 8 ,20-05-2026,,,23,,BRANDSMART,CORE,INBOX_AD,
Q2 2026,Bread  Ross (store radius used),Bread,Ross,Email,Bread Ross Email," $3,00,000 ",CPIA $109,CPIx,$109, $7.50 ,40000000,"1,33,33,333","1,33,00,000", ,45%, 3 ,20-05-2026,,Enterprise,10267,,BREADFINANCIAL,ROSS,EMAIL,
Q2 2026,Bread AAA (Li Exclusive),Bread,AAA,LiveIntent,Bread AAA LiveIntent," $6,00,000 ",CPIA$151,CPIx,$151, $4.00 ,150000000," 5,00,00,000 "," 5,88,23,529 ",,85%, 4 ,20-05-2026,,,11368,,BREADFINANCIAL,AAA,LI,
Q2 2026,Bread- AMEX,Bread,Amex,Email,Bread Amex Email," $93,786 ",,,, $7.50 ,12504800," 41,68,267 "," 41,68,267 ",,100%, 3.00 ,20-05-2026,,,,Match and mail campaign,BREADFINANCIAL,NA,,2: MANUAL ACCOUNTS
Q2 2026,Bread Caesars(Li Exclusive),Bread,Caesars,LiveIntent,Bread Caesars LiveIntent," $1,12,500 ",CPIA$263,CPIx,$263, $4.00 ,28125000," 93,75,000 "," 2,67,85,714 ",,35%, 4 ,20-05-2026,,,19,,BREADFINANCIAL,CAESARS,EMAIL,
Q2 2026,Bread Dell Pay,Bread,Dell Play,Email,Bread Dell Play Email," $1,00,000 ",CPIA $152,CPIx,$152, $7.50 ,13333333.33," 44,44,444 "," 1,26,98,413 ",,35%, 3 ,20-05-2026,,Enterprise,12079,,BREADFINANCIAL,DELLPAY,EMAIL,
Q2 2026,Bread IKEA ,Bread,IKEA,Email,Bread IKEA Email," $82,571 ",CPIA $97,CPIx,$97, $7.50 ,11009466.67," 36,69,822 "," 36,69,822 ",,100%, 3 ,20-05-2026,,,11369,,BREADFINANCIAL,IKEA,EMAIL,
Q2 2026,Bread Jared ,Bread,Jared,Email,Bread Jared Email," $5,49,000 ",CPIA $203,CPIx,$203, $7.50 ,73200000,"2,44,00,000","2,44,00,000", ,100%, 3 ,20-05-2026,,Enterprise,8491,,BREADFINANCIAL,JARED,EMAIL,
Q2 2026,Bread Jared (Li Exclusive),Bread,Jared,LiveIntent,Bread Jared LiveIntent," $2,76,000 ",CPIA $203,CPIx,$203, $4.00 ,69000000," 98,57,143 ",9857143,,100%, 7 ,03-06-2026,,,8491,,BREADFINANCIAL,JARED,LI,
Q2 2026,Bread Kay (Li Exclusive),Bread,KAY,LiveIntent,Bread KAY LiveIntent," $3,22,750 ",CPIA$151,CPIx,$151, $4.00 ,80687500,"1,43,44,444","1,43,00,000", ,100%, 3 ,20-05-2026,,,8392,,BREADFINANCIAL,KAY,LI,
Q2 2026,Bread Kay (Store radius used),Bread,KAY,Email,Bread KAY Email," $9,06,000 ",CPIA $151,CPIx,$151, $7.50 ,120800000,"4,02,66,667"," 4,02,66,667 ", ,100%, 3 ,20-05-2026,,Enterprise,8392,,BREADFINANCIAL,KAY,EMAIL,
Q2 2026,Bread Sephora CBCC,Bread,Sephors CBCC,Email,Bread Sephors CBCC Email," $94,500 ",CPIA $142,CPIx,$142, $7.50 ,12600000," 42,00,000 "," 84,00,000 ",,50%, 3 ,20-05-2026,,Enterprise,11796,,BREADFINANCIAL,SEPHORA_CBCC,EMAIL,
Q2 2026,Bread Sephora PLCC,Bread,Sephora PLCC,Email,Bread Sephora PLCC Email," $31,500 ",CPIA $47,CPIx,$47, $7.50 ,4200000," 14,00,000 "," 35,00,000 ",,40%, 3 ,20-05-2026,,Enterprise,11796,,BREADFINANCIAL,SEPHORA_PLCC,EMAIL,
Q2 2026,Bread Ulta,Bread,Ulta,Email,Bread Ulta Email," $2,75,000 ",CPIA $81,CPIx,$81, $7.50 ,36666666.67,"1,22,22,222"," 1,52,77,778 ", ,80%, 3 ,20-05-2026,,Enterprise,17,,BREADFINANCIAL,ULTA,EMAIL,
Q2 2026,Bread Zales ,Bread,Zales,Email,Bread Zales Email," $90,000 ",CPIA $158,CPIx,$158, $7.50 ,12000000,"40,00,000"," 72,72,727 ", ,55%, 3 ,20-05-2026,,Enterprise,8393,,BREADFINANCIAL,ZALES,EMAIL,
Q2 2026 ,Casper,Casper,,Email,Casper Email," $8,75,000 ",iROAS $5,iROAS,$5, $8.00 ,109375000," 2,91,66,666 "," 2,91,66,666 ",,100%, 4 ,20-05-2026,,,7210,,CASPER,CORE,EMAIL,
Q2 2026,Chairking,Chairking,,Email,Chairking Email," $2,20,000 ",iROAS $5,iROAS,$5, $10.00 ,22000000," 73,33,333 "," 2,09,52,381 ",,35%, 3 ,20-05-2026,,,10631,,,NA,,2: MANUAL ACCOUNTS
Q2 2026,Citizen,Citizen,,LiveIntent,Citizen LiveIntent," $1,00,000 ",CPIA $300,CPIx,$300, $8.00 ,20000000,"33,33,333",3333333,,100%, 6 ,03-06-2026,,,,,CITIZENSBANK,NA,,2: MANUAL ACCOUNTS
Q2 2026,Citizen BAU,Citizen,BAU,Email,Citizen BAU Email," $9,28,125 ",CPIA $300,CPIx,$300, $8.00 ,116015625," 1,93,35,938 "," 1,93,35,938 ",,100%, 6 ,03-06-2026,,,8996,,CITIZENSBANK,BAU,EMAIL,
Q2 2026,Citizen EP,Citizen,Established Professonals,Email,Citizen Established Professonals Email," $1,00,000 ",CPIA $300,CPIx,$300, $8.00 ,12500000,"20,83,333",2083333,,100%,,03-06-2026,,,,,CITIZENSBANK,EP,EMAIL,
Q2 2026,Citizen HNW (geo restricted),Citizen,High Net Worth,Email,Citizen High Net Worth Email," $9,28,125 ",CPIA $300,CPIx,$300, $8.00 ,116015625,,,,, 6 ,20-05-2026,,,8996,Given in Citizens BAU campaign,CITIZENSBANK,HNW,EMAIL,
Q2 2026,Citizen New Mover,Citizen,New Mover,Email,Citizen New Mover Email," $9,28,125 ",CPIA $300,CPIx,$300, $8.00 ,116015625,,,,, 6 ,20-05-2026,,,8996,Given in Citizens BAU campaign,CITIZENSBANK,NEWMOVER,EMAIL,
Q2 2026,Comcast,Comcast,,Email+LI,Comcast Email+LI," $5,00,000 ",CPIC$500,CPIx,$500, $8.58 ,52500000,5250000,12000000,,50%, 10 ,03-06-2026,,,12909,,,NA,,2: MANUAL ACCOUNTS
Q2 2026,DirecTV DishTV Conquest,DirectTV,DishTV Conquest,Email,DirectTV DishTV Conquest Email," $50,000 ",,CPGx,, $10.00 ,"60,00,000"," 2,68,95,833 "," 2,68,95,833 ",,100%, 3 ,20-05-2026,,,11371,,DIRECTV,DISHTV_CONQUEST,EMAIL,
Q2 2026,DirecTV Genre,DirectTV,Genre,Email,DirectTV Genre Email," 	$                           4,62,000 ",CPIA $65,CPIx,$65, $10.00 ,"4,62,00,000"," 1,54,00,000 "," 2,56,66,667 ", ,60%, 3 ,20-05-2026,,,11371,,DIRECTV,GENRE,EMAIL,
Q2 2026,DirecTV MyFree to Paid,DirectTV,MyFree to Paid,Email,DirectTV MyFree to Paid Email," $50,000 ",CPGA $27,CPGx,$27, $10.00 ,"50,00,000",2377679,2377679,,100%, 2 ,03-06-2026,,,11371,,DIRECTV,FFP,EMAIL,
Q2 2026,DirecTV Signature,DirectTV,Signature,Email,DirectTV Signature Email," $                           15,86,727 ",CPIA $250,CPIx,$250, $10.00 ,"	15,86,72,700"," 5,28,90,900 "," 5,60,00,000 ", ,80%, 3 ,20-05-2026,,,11371,,DIRECTV,SIGNATURE,EMAIL,
Q2 2026,DirecTV Winback,DirectTV,Winback,Email,DirectTV Winback Email," $50,000 ",CPIA $200,CPIx,$200, $10.00 ,"50,00,000",970509,970509,,100%, 5 ,03-06-2026,,,11371,,DIRECTV,NA,,2: MANUAL ACCOUNTS
Q2 2026,Discount Tire,Discount Tire, Core,Email,Discount Tire  Core Email," $37,50,000 ",iROAS $7,iROAS,$7, $10.00 ," 3,75,00,000 "," 1,42,04,545 "," 2,80,00,000 ",,50%, 3 ,03-06-2026,,,10025,,DISCOUNT_TIRE,CORE,EMAIL,
Q2 2026,Fortunoff,Fortunoff,,Email,Fortunoff Email," $1,70,000 ",iROAS $5,iROAS,$5, $10.00 ,17000000," 56,66,667 "," 1,88,88,889 ",,30%, 3 ,20-05-2026,,,12289,,,NA,,2: MANUAL ACCOUNTS
Q2 2026 ,Frontier,Frontier,,Email,Frontier Email," $12,79,611 ",CPIC $250,CPIx,$250, $8.50 ,"150,542,479 "," 79,23,288 "," 1,00,00,000 ",,100%, 14 ,20-05-2026,,,9810,,FRONTIER,CORE,EMAIL,
Q2 2026 ,Kinetic,Kinetic,,Email+LI,Kinetic Email+LI," $1,79,982 ",CPIGA <$200,CPIx,$200, $11.43 ,15746457," 16,36,190 "," 16,36,190 ",,100%, 10 ,20-05-2026,,,23,,KINETIC,CORE,INBOX_AD,
Q2 2026,Lovesac,Lovesac,,Email,Lovesac Email," $1,91,381 ",CPIA - $400,CPIx,$400, $10.00 ,19138083,"75,00,000","2,14,28,571",,35%, 3 ,20-05-2026,,,8823,,LOVESAC,CORE,EMAIL,
Q2 2026,Maaco,Maaco,,Email,Maaco Email," $75,000 ",,,, $10.00 ,7500000," 30,21,566 "," 75,53,915 ",,40%, 3 ,20-05-2026,,,,,,NA,,2: MANUAL ACCOUNTS
Q2 2026 ,Mediacom,Mediacom,,Email,Mediacom Email," $4,51,000 ",CPIC $600,CPIC,$600, $10.00 ,45100000," 64,42,857 "," 64,42,857 ",,100%, 7 ,03-06-2026,,,6614,,MEDIACOM,CORE,EMAIL,
Q2 2026 ,Mediacom,Mediacom,,LiveIntent,Mediacom LiveIntent," $1,01,000 ",CPIC $600,CPIx,$600, $3.00 ,33666666," 21,04,167 "," 21,04,167 ",,100%, 16 ,03-06-2026,"The budget & Impressions mentioned is only of January, remaining months budget is yet to receive",,6614,,MEDIACOM,CORE,LI,
Q2 2026,MGM Resorts,MGM Resorts,,LiveIntent,MGM Resorts LiveIntent," $1,00,000 ",CPA$50,CPA,$50,,,,,,,,20-05-2026,,,,Live intent only campaign,,NA,,2: MANUAL ACCOUNTS
Q2 2026,Motosport  ,Motosport  ,,Email,Motosport   Email," $70,000 ",iROAS - $5.00 ,iROAS,$5, $7.00 ," 1,00,00,000 "," 37,58,369 "," 1,87,91,845 ",,20%, 3 ,20-05-2026,,,3,,MOTOSPORT,CORE,EMAIL,
Q2 2026,Nothing Bundt Cakes,Nothing Bundt Cakes,,Email + LI,Nothing Bundt Cakes Email + LI," $2,88,654 ",IROAS $5,iROAS,$5, $7.50 ,28865433,"1,09,02,413","1,29,79,063", ,84%, 3 ,20-05-2026,,,,,,NA,,2: MANUAL ACCOUNTS
Q2 2026,PepBoys,PepBoys,Acquisition,Email,PepBoys Acquisition Email," $6,50,000 ",CPIC $100,CPIC,$100, $10.00 ,65000000,"2,16,66,667","5,41,66,667", ,40%, 3 ,20-05-2026,,,10025,,PEP_BOYS,CORE,EMAIL,
Q2 2026 ,PRG Leasing BAU,Progressive Leasing,BAU,Email+LI,Progressive Leasing BAU Email+LI," $2,00,025 ",$14 iROAS,iROAS,$14, $10.00 ,17500000," 58,32,604 "," 2,50,00,000 ",,50%, 3 ,20-05-2026,,,25,,,NA,,2: MANUAL ACCOUNTS
 Q2 2026 ,Progressive Core,Progressive,Core,Email ,Progressive Core Email ," $2,56,81,453 ",CPIC $100,CPIx,$100, $5.00 ,81263627,18910733,18910733,,100%, 4 ,20-05-2026,,,6545,,,NA,,2: MANUAL ACCOUNTS
Q2 2026,Progressive Leasing - Best Buy,Progressive Leasing,Best Buy,Email+LI,Progressive Leasing Best Buy Email+LI," $1,20,084 ",CPIC $63,CPIx,$26, $11.43 ,10506036.75," 35,02,012 "," 77,82,249 ",,45%, 3 ,20-05-2026,,,,,,NA,,2: MANUAL ACCOUNTS
Q2 2026,RAC,RAC,,Email,RAC Email," $2,15,000 ",CPIL $80,CPIL,$80, $10.00 ,21500000,"71,66,667","6,20,00,000", ,25%, 3 ,20-05-2026,,,8322,,RAC,CORE,EMAIL,
Q2 2026 ,Raymour & Flanigan,Raymour & Flanigan,,Email,Raymour & Flanigan Email," $9,05,980 ",$32 iROAS,iROAS,$32, $10.00 ,90598000,"1,99,70,992","2,50,00,000", ,75%, 5 ,20-05-2026,,,6373,,RAYMOUR,CORE,EMAIL,
Q2 2026,Spectrum,Spectrum,,Email,Spectrum Email," $5,25,000 ",CPIC $40,CPIx,$40, $8.00 ,65625000," 1,31,25,000 "," 1,85,00,000 ",,70%, 5 ,03-06-2026,,,6201,,,NA,,2: MANUAL ACCOUNTS
Q2 2026,Stitch Fix Acqusition,Stitch Fix,,Email+LI,Stitch Fix Email+LI," $4,50,000 ",CAC - $150,CPIx,$150, $8.00 ,56250000," 1,65,00,000 "," 2,35,71,429 ",,70%, 3 ,20-05-2026,,,21,,STITCHFIX,CORE,INBOX_AD,
Q2 2026,Stitch Fix Reactivation,Stitch Fix,,Email+LI,Stitch Fix Email+LI," $1,80,000 ",CAC - $150,CPIx,$150, $8.00 ,22500000," 66,00,000 "," 66,00,000 ",,100%, 3 ,20-05-2026,,,21,,STITCHFIX,NA,,1: SUB_ACCOUNT MISSING
Q2 2026,T - Mobile Assurance,T-Mobile,Core,Email,T-Mobile Core Email," $3,29,860 ",CPIA  $25-$50,CPIx,$50, $6.00 ,54976667,13744167,13700000,,100%, 4 ,20-05-2026,,,7545,,ASSURANCE,WINBACK,EMAIL,
Q2 2026,T - Mobile Assurance,T-Mobile,Winback,Email,T-Mobile Winback Email," $10,140 ",CPIA  $25-$50,CPIx,$50, $6.00 ,1690000,169000,169000,,100%, 10 ,,,,,,ASSURANCE,CORE,EMAIL,
Q2 2026 ,T-Mobile Core,T-Mobile,Core,Email,T-Mobile Core Email," $2,07,82,354 ",CPIGA $300,CPIC,$300, $6.00 ,3353999998," 19,60,00,000 "," 19,00,00,000 ",,100%, 12 ,20-05-2026,,,7252,,TMOBILE,CORE,EMAIL,
Q2 2026 ,,T-Mobile,For Business,Email,T-Mobile For Business Email," $2,00,000 ",CPIGA $92,CPIx,$92, $6.00 ,33333335,"37,10,689","75,00,000", ,100%, 4 ,20-05-2026,,,12656,,TMOBILE,NA,,1: SUB_ACCOUNT MISSING
Q2 2026 ,T-Mobile HINT,T-Mobile,HINT,Email,T-Mobile HINT Email," $44,31,404 ",CPIGA $600,CPIC,$600, $6.00 ,718799998," 8,80,00,000 "," 6,00,00,000 ",,100%, 9 ,20-05-2026,,,7252,,TMOBILE,NA,,1: SUB_ACCOUNT MISSING
Q2 2026 ,T-Mobile Metro,T-Mobile,Metro,Email,T-Mobile Metro Email," $5,00,000 ",CPIGA $80,CPIx,$80, $6.00 ,83333333.33," 1,66,66,667 "," 1,66,66,667 ",,100%, 5 ,03-06-2026,,,12663,,TMOBILE_METRO,CORE,EMAIL,
Q2 2026,Tonal,Tonal,,Email,Tonal Email," $1,50,000 ",CPIS - $650,CPIx,$650, $8.00 ,18750000," 62,50,000 "," 1,25,00,000 ",,50%, 3 ,20-05-2026,,,9710,,TONAL,CORE,EMAIL,
Q2 2026,Ulta Acquisition,Ulta,Acquisition,Email,Ulta Acquisition Email," $1,50,000 ",CPIC $25,CPIx,$25, $10.00 ," 1,50,00,000 "," 50,00,000 "," 4,70,00,000 ",,50%, 3 ,20-05-2026,,,7787,,ULTA,ACQUISITION,EMAIL,
Q2 2026,Ulta Reactivation,Ulta,Reactivation,Email,Ulta Reactivation Email," $1,50,000 ",CPIT $15,CPIx,$15, $10.00 ," 1,50,00,000 "," 15,00,000 "," 40,00,000 ",,80%, 6 ,20-05-2026,,,7787,,ULTA,REACTIVATION,EMAIL,
Q2 2026,Verizon Home,Verizon,Home,Email,Verizon Home Email," $49,697 ",Inc Take rate 0.02%,Inc Take rate,$0, $5.00 ,248485," 82,828 "," 82,828 ",,100%, 3 ,03-06-2026,,,6820,,,NA,,2: MANUAL ACCOUNTS
Q2 2026,Verizon Mobile,Verizon,Mobile,Email,Verizon Mobile Email," $9,51,282 ",CPIC $38,CPIC,$38, $5.00 ,4756410," 9,51,282 "," 9,51,282 ",,100%, 5 ,03-06-2026,,,6820,,,NA,,2: MANUAL ACCOUNTS
Q2 2026,T-Mobile Prepaid,T-Mobile,,Email,T-Mobile Email," $5,00,000 ",CPIC$53,CPIC,$53.00, $6.00 ,83333333.33," 2,34,70,480 "," 2,34,70,480 ",,100%,,20-05-2026,,,,,TMOBILE_PREPAID,CORE,EMAIL,
Q2 2026,BDA AAA,BDA,AAA,Email,BDA AAA Email," $3,00,000 ",CPIC$151,CPIC,$151 , $9.00 ,33333333.33," 83,33,333 "," 1,66,66,667 ",,50%, 4 ,20-05-2026,,,,,,NA,,2: MANUAL ACCOUNTS
Q2 2026,Bread Caesars,Bread,Caesars,Email,Bread Caesars Email," $1,51,613 ",CPIA$263,CPIx,$263 , $7.50 ,20215066.67," 67,38,356 "," 2,69,53,424 ",,25%, 3 ,20-05-2026,,,,,BREADFINANCIAL,CAESARS,EMAIL,
